record_id	row_index
REC-001	0
REC-002	1
REC-003	2
REC-004	3
REC-005	4
REC-006	5
REC-007	6
REC-008	7
REC-009	8
REC-010	9
REC-011	10
REC-012	11
REC-013	12
REC-014	13
REC-015	14
REC-016	15
REC-017	16
REC-018	17
REC-019	18
REC-020	19
REC-021	20
REC-022	21
REC-023	22
REC-024	23
REC-025	24
REC-026	25
REC-027	26
REC-028	27
REC-029	28
REC-030	29
REC-031	30
REC-032	31
REC-033	32
REC-034	33
REC-035	34
REC-036	35
REC-037	36
REC-038	37
REC-039	38
REC-040	39
REC-041	40
REC-042	41
REC-043	42
REC-044	43
REC-045	44
REC-046	45
REC-047	46
REC-048	47
REC-049	48
REC-050	49
REC-051	50
REC-052	51
REC-053	52
REC-054	53
REC-055	54
REC-056	55
REC-057	56
REC-058	57
REC-059	58
REC-060	59
REC-061	60
REC-062	61
REC-063	62
REC-064	63
REC-065	64
REC-066	65
REC-067	66
REC-068	67
REC-069	68
REC-070	69
REC-071	70
REC-072	71
REC-073	72
REC-074	73
REC-075	74
REC-076	75
REC-077	76
REC-078	77
REC-079	78
REC-080	79
REC-081	80
REC-082	81
REC-083	82
REC-084	83
REC-085	84
REC-086	85
REC-087	86
REC-088	87
REC-089	88
REC-090	89
REC-091	90
REC-092	91
REC-093	92
REC-094	93
REC-095	94
REC-096	95
REC-097	96
REC-098	97
REC-099	98
REC-100	99